Name,User #,Discord,Time Zone,TZ#,Tier,Zone,Division
E.Honda,4687,@E.Honda#6461,Europe/Berlin,2:00,A,N/A,A1
JNails,6787,@JNails#0581,America/Chicago,-5:00,A,N/A,A1
Mic Qsenoch,942,@Mic Qsenoch#4131,America/Chicago,-5:00,A,N/A,A1
nasmith99,6240,@nasmith99#5472,America/Chicago,-5:00,A,N/A,A1
wharf_rat,5346,@wharf_rat#8971,America/Chicago,-5:00,A,N/A,A1
xyrix,521,@yugret#3812,Europe/Berlin,2:00,A,N/A,A1
707090,6430,@707090#0963,America/New_York,-4:00,B,N/A,B1
Apostolosoruler,6090,@apostolosgr#4103,Europe/Athens,3:00,B,N/A,B2
Bryan,5322,@Bryan#4673,America/Los_Angeles,-7:00,B,N/A,B1
Burning Skull,2519,@bSkull#2438,Asia/Singapore,8:00,B,N/A,B2
drsteelhammer,,@drsteelhammer#4394,Europe/Berlin,2:00,B,N/A,B1
H.exe,2847,@H.exe#3232,America/New_York,-4:00,B,N/A,B2
markus,3966,@markus#8857,Europe/Berlin,2:00,B,N/A,B1
nerdbound,6914,@nerdbound#0589,America/Los_Angeles,-7:00,B,N/A,B1
SamE,725,@SamE#8793,Asia/Singapore,8:00,B,N/A,B1
Sicomatic,5470,@Sicomatic#3580,Europe/Berlin,2:00,B,N/A,B2
singletee,1739,@singletee#0905,America/New_York,-4:00,B,N/A,B2
swordfishtrombone,5916,@swordfishtrombone#1858,Europe/Athens,3:00,B,N/A,B2
tracer,4770,@tracer#2575,America/Godthab,-2:00,B,N/A,B1
aku chi,3425,@aku chi#6464,America/New_York,-4:00,C,N/A,C4
amoffett11,4784,@amoffett11#8778,America/New_York,-4:00,C,N/A,C4
bluey_the_bear,,@Bluey The Bear#1472,America/Chicago,-5:00,C,N/A,C1
bobbydj18,5587,@bobbydj18#2146,America/New_York,-4:00,C,N/A,C3
catoftheyear,6881,@conjugate#3677,Asia/Jerusalem,3:00,C,N/A,C3
crabcat2,,@crabcat2#1752,America/Los_Angeles,-7:00,C,N/A,C1
dagron,4892,@dagron#9128,America/New_York,-4:00,C,N/A,C4
Dan Brooks,,@dan brooks#5533,America/Los_Angeles,-7:00,C,N/A,C3
Earl,5568,@Earl#3402,America/New_York,-4:00,C,N/A,C2
Fircoal,6438,@Fircoal#5329,America/Los_Angeles,-7:00,C,N/A,C2
gamesou,351,@gamesou#0872,Europe/Paris,2:00,C,N/A,C2
heron,,@heron#0905,America/New_York,-4:00,C,N/A,C4
Jean-Michel,2417,@Jean-Michel#5151,Europe/Helsinki,3:00,C,N/A,C2
jonts,327,@jonts#2386,America/New_York,-4:00,C,N/A,C3
LaLight,,@LaLight#0740,Europe/Moscow,3:00,C,N/A,C3
Lemonspawn,5439,@Lemonspawn#2571,America/Chicago,-5:00,C,N/A,C2
mikechike,5237,@mikechike#4503,America/New_York,-4:00,C,N/A,C1
Personman,18,@personman#7503,America/New_York,-4:00,C,N/A,C4
pppppppppp,6851,@pppppppppp#1835,Europe/London,1:00,C,N/A,C1
pqr4,6846,@pqr#8310,Europe/London,1:00,C,N/A,C3
Puzzle Box,5570,@panama_camel#8225,America/Denver,-6:00,C,N/A,C1
rsilverstein12,6111,@rsilverstein12#8516,America/Los_Angeles,-7:00,C,N/A,C4
Sharur,5408,@Sharur#7043,America/New_York,-4:00,C,N/A,C2
topher1588,5292,@topher1588#2788,America/New_York,-4:00,C,N/A,C1
Anders,5438,@Anders#9385,Europe/Oslo,2:00,D,N/A,D2
Cave-o-sapien,,@Cave-o-sapien#6830,America/Denver,-6:00,D,N/A,D3
Chris is me,42069,@Chris is me#7566,America/Chicago,-5:00,D,N/A,D1
crlundy,2778,@crlundy#0018,America/Los_Angeles,-7:00,D,N/A,D3
eh1414,6415,@eh1414#5517,Europe/London,1:00,D,N/A,D1
Gazbag,5475,@Gazbag#6484,Europe/London,1:00,D,N/A,D1
jppbkm,,@jpp#7810,America/New_York,-4:00,D,N/A,D4
knaacku,,@knaacku#9299,America/Los_Angeles,-7:00,D,N/A,D
lrlusher,6119,@lushiouslest#0381,Pacific/Honolulu,-10:00,D,N/A,D3
marfik57,5886,@Marfik#3051,Europe/Dublin,1:00,D,N/A,D4
Micha1980,2900,@Micha1980#0502,Europe/Berlin,2:00,D,N/A,D2
missouriben,5080,@missouriben#2930,America/Los_Angeles,-7:00,D,N/A,D1
nessuno,5827,@nessuno#9978,Europe/Rome,2:00,D,N/A,D4
Ravenshard,6209,@Ravenshard#0976,America/New_York,-4:00,D,N/A,D4
S_Smart,5611,@Something_Smart#8109,America/New_York,-4:00,D,N/A,D3
sab4005,7012,@sab4005#5353,America/New_York,-4:00,D,N/A,D3
schadd,2867,@schadd#7589,America/Chicago,-5:00,D,N/A,D1
sdrawkcab,6663,@MikeIsMyIke#8619,America/Denver,-6:00,D,N/A,D2
skizelo,6823,@skizelo#6690,Europe/London,1:00,D,N/A,D4
skumpy,5236,@skumpy#1608,America/Los_Angeles,-7:00,D,N/A,D1
sweetjohn33,,@sweetjohn33#5861,America/Los_Angeles,-7:00,D,N/A,D3
TheWatchtower,,@TheWatchtower#3551,America/Chicago,-5:00,D,N/A,D2
TonyWild,6397,@TonyWild#9644,Asia/Seoul,9:00,D,N/A,D4
tufftaeh,1328,@tufftaeh#0115,Europe/Berlin,2:00,D,N/A,D2
alexconga,,@Potter#1991,America/Chicago,-5:00,E,AM,E3
alibby1152,6315,@alibby1152#8501,America/Denver,-6:00,E,AM,E4
anovis,6924,@austen#9303,America/New_York,-4:00,E,AM,E5
billdacat,829,@BilldaCat#8551,America/New_York,-4:00,E,AM,E3
bladebandit,,@bladebandit#2966,America/New_York,-4:00,E,AM,E4
bumbugler,6760,@bumbugler#0045,America/Los_Angeles,-7:00,E,AM,E5
Card Master,,@louis#0182,Europe/Berlin,2:00,E,EU,E7
catstealer419,7011,@catstealer419#0170,America/New_York,-4:00,E,AM,E2
ced,4857,@ced#2949,Europe/London,1:00,E,EU,E8
counto,,@counto#2875,America/Indiana/Indianapolis,-4:00,E,AM,E1
DaveDave,6936,@Dave#3313,America/Denver,-6:00,E,AM,E1
DDL,6247,@DDL#6966,America/Sao_Paulo,-3:00,E,AM,E4
DividedSpy,843,@DividedSpy#9610,America/New_York,-4:00,E,AM,E2
Epicurus,3855,@David#6553,America/New_York,-4:00,E,AM,E5
FarmerBen,,@FarmerBen#5331,America/Denver,-6:00,E,AM,E3
fiercelord,5502,@fiercelord#7215,America/New_York,-4:00,E,AM,E2
folivora,,@folivora#5361,America/Denver,-6:00,E,AM,E1
GaryOfPgh2,6298,@GaryofPgh2#6139,America/Chicago,-5:00,E,AM,E3
Gasku,6344,@Gasku#1249,Europe/Madrid,2:00,E,EU,E7
harkne,5727,@harkne#9504,Europe/Berlin,2:00,E,EU,E8
hierarch,6174,@hierarch#4242,Pacific/Auckland,12:00,E,AS,E6
hoget10,6541,@hoget10#0908,America/New_York,-4:00,E,AM,E2
HRoll,668,@HRoll#4276,America/Los_Angeles,-7:00,E,AM,E1
Jimmmy,5257,@Jimmmy#8763,Europe/Budapest,2:00,E,EU,E8
JPreto,6980,@JPreto#1191,Europe/Berlin,2:00,E,AS,E6
jxcn17,,@jxcn17#2158,America/New_York,-4:00,E,AM,E1
khz,6652,@killahertz#3610,America/New_York,-4:00,E,AM,E4
Magyi,2668,@Magyi#2155,Europe/Berlin,2:00,E,AS,E6
mistgun,5389,@asimov.io#1836,Europe/Paris,2:00,E,EU,E8
Moonshadow70,6661,@Moonshadow70#3868,America/New_York,-4:00,E,AM,E2
MVP,453,@MVP#1458,America/New_York,-4:00,E,AM,E5
namek,,@namek#0904,Europe/Berlin,2:00,E,EU,E7
NBSchlueter,5588,@NBSchlueter#6504,America/Los_Angeles,-7:00,E,AM,E5
nottoobad,6506,@nottoobad#9595,America/New_York,-4:00,E,AM,E3
oemel09,,@oemel09#9099,Europe/Berlin,2:00,E,EU,E8
ravivas,2151,@ravi#0104,Europe/Paris,2:00,E,EU,E7
real77,5747,@real77#0191,Australia/Sydney,10:00,E,AS,E6
scolapasta,6243,@scolapasta#5563,America/New_York,-4:00,E,AM,E2
seanahan,5384,@seanahan#5551,America/Chicago,-5:00,E,AM,E1
SearingSpear92,4989,@SearingSpear92#1013,America/New_York,-4:00,E,AM,E4
Sharapopovamaria,6301,@Sharapopovamaria#7242,Europe/Berlin,2:00,E,EU,E8
sparrowhawk73,7045,@sparrowhawk1#5026,Europe/Athens,3:00,E,AS,E6
Spiraler,6845,@Spiraler#0050,America/New_York,-4:00,E,AS,E6
squirezucco,4648,@squirezucco#0571,America/New_York,-4:00,E,AM,E5
Thabo,3153,@Shift#9266,Europe/Berlin,2:00,E,EU,E7
thepilferer,,@thepilferer#7848,America/Los_Angeles,-7:00,E,AM,E3
topAAs,,@topAAs#3353,Europe/Berlin,2:00,E,EU,E7
yahas,5182,@yahas#2142,America/New_York,-4:00,E,AM,E4
_DumbOnion_,,@_DumbOnion_#3574,America/New_York,-4:00,F,AME,F
34Witches,6986,@34Witches#9425,Europe/London,1:00,F,EU,F15
AbjectPermanence,,@AbjectPermanence#2920,Australia/Sydney,10:00,F,AS,F11
AcceptableBunny,,@AcceptableBunny#3944,Europe/London,1:00,F,EU,F13
Adthor,,@Adthor#3850,America/Chicago,-5:00,F,AME,F1
aesthephile,,@andyy#3349,America/Los_Angeles,-7:00,F,AMW,F10
alion8me,6304,@alion8me#5608,America/Chicago,-5:00,F,AME,F4
amankdr,7162,@a47#0576,America/Chicago,-5:00,F,AME,F7
andylatto,2205,@Andy#5232,America/New_York,-4:00,F,AME,
Appie459,,@Appie459#2615,Europe/Berlin,2:00,F,EU,F16
Ares,5996,@DominionAres#8572,Europe/Zurich,2:00,F,EU,F14
asmajlaton,466,@AMAJ#2040,America/New_York,-4:00,F,AME,F5
assemble me,1966,@assemble_me#6129,Europe/Berlin,2:00,F,EU,F14
bcoli,,@҉ ܏#9345,America/New_York,-4:00,F,AME,F2
Beachcomber,,@tluffingham#3344,Europe/London,1:00,F,EU,F15
BeXXsoR,5334,@BeXXsoR#4398,Europe/Berlin,2:00,F,EU,F15
bizaff,6168,@bizaff#7745,America/Denver,-6:00,F,AMW,F9
blablablabla,,@blablablabla#5694,Asia/Calcutta,5:30,F,AS,F11
BobKrier,5368,@Bob#7322,America/Denver,-6:00,F,AMW,F10
BobMathrotus,7000,@BobMathrotus#1689,America/Montreal,-4:00,F,AME,F6
Briawna,6639,@playfulpuffin#6217,America/Denver,-6:00,F,AMW,F8
britchken,,@Pico Paco#0571,America/New_York,-4:00,F,AME,F5
britishsensation,,@thebritishsensation#0689,Europe/London,1:00,F,EU,F
Caetra,,@Caetra#5203,America/New_York,-4:00,F,AME,F2
CasualxMajestic,,@Fantasy X#8025,Europe/Berlin,2:00,F,EU,F15
cferens,,@cferens#3967,America/Chicago,-5:00,F,ATL,F12
chocojoe,,@ChocoJoe#6451,Asia/Tokyo,9:00,F,AS,F11
col_dax,,@col_dax#0586,America/Los_Angeles,-7:00,F,AMW,
CoweringCow,6122,@CoweringCow#5625,America/New_York,-4:00,F,AME,F3
della,5630,@della#1874,Europe/Paris,2:00,F,EU,F14
dghunter79,270,@dghunter#4269,America/Los_Angeles,-7:00,F,AMW,F9
Dominanz,,@Dominanz#1905,Europe/Berlin,2:00,F,EU,F16
Dominion Beast,,@Dominion Beast#4262,America/Toronto,-4:00,F,AME,F5
dylanmatthews,5833,@dylanmatthews#5938,America/New_York,-4:00,F,AME,F3
Emeric,1751,@Emeric#6817,Europe/Paris,2:00,F,EU,F15
erinblack,,@erinblack#9185,America/Denver,-6:00,F,AMW,F10
eskoglund,5512,@eskoglund#6989,America/Chicago,-5:00,F,AME,F2
flel,,@flel#5286,America/New_York,-4:00,F,AME,F6
Gordoo,,@gordoo#2341,America/Los_Angeles,-7:00,F,AMW,F10
graceg,,@graceg#8588,Asia/Singapore,8:00,F,AS,F11
Grafpaper,,@Grafpaper#3501,America/Chicago,-5:00,F,AME,F1
Hackybaby,7067,@(>^ .^)>hackybaby#6862,Europe/Berlin,2:00,F,EU,F
Hamlet the Dane,5746,@DBM000#9829,America/Chicago,-5:00,F,AME,F2
hannibal6,6037,@Hannibal6#5581,America/New_York,-4:00,F,AME,F1
hwquidfwqhbcw,,@Greetings#2128,America/Los_Angeles,-7:00,F,AMW,F8
IbnSina,,@Luna Victa#5023,America/New_York,-4:00,F,AME,F6
ilikus,,@ilikus#8605,Europe/Berlin,2:00,F,EU,F14
Ingix,1116,@Ingix#4543,Europe/Berlin,2:00,F,EU,F15
Iras42,,@Iras#6207,Europe/Berlin,2:00,F,EU,F13
jared_rockenstein,,@jared_rockenstein#0153,America/Chicago,-5:00,F,AME,F3
Jerrydot,,@Jerry#6727,Europe/London,1:00,F,EU,F14
jgoyes,5983,@jgoyes#7612,America/Bogota,-5:00,F,AME,F5
jmjjmj,,@jmjjmj#6645,America/New_York,-4:00,F,AME,F1
jtim1013,5082,@jtim1013#5682,America/Chicago,-5:00,F,AME,F4
karenttrouble,5034,@karenttrouble#3396,America/New_York,-4:00,F,AME,F2
KennyTBK,,@KennyTBK#5188,Asia/Singapore,8:00,F,AS,F
koemanmike,3566,@lammetje#6176,Europe/Berlin,2:00,F,EU,F16
kubar,,@kubar#7761,America/New_York,-4:00,F,AME,F5
Lard Rattington,,@Lard Rattington#5987,America/Toronto,-4:00,F,AME,F4
malmerung,,@malmerung#4949,America/New_York,-4:00,F,AME,F4
Malta,5202,@Malta#4441,Europe/Berlin,2:00,F,ATL,F12
maltman,,@Maltman#8014,America/Chicago,-5:00,F,AME,F7
maxw1717,,@maxw1717#0148,America/New_York,-4:00,F,AME,F6
mazegeek999,7290,@Jarod Fedele#0716,America/Los_Angeles,-7:00,F,AMW,F10
Memories,4774,@Memories#7270,America/Chicago,-5:00,F,AME,F3
Miaww,,@Miawwschrodinger#4998,America/New_York,-4:00,F,AME,F
MicahTheDebater,7215,@Bull#0397,America/New_York,-4:00,F,AME,F3
mikaelsson,,@mikaelsson#1535,Europe/Stockholm,2:00,F,ATL,F12
Mort,,@Mort#0680,Europe/Berlin,2:00,F,EU,F13
Nez477,6837,@nez#9862,America/Los_Angeles,-7:00,F,AMW,F8
Noi Waters,,@SnowFall#9171,America/Indiana/Indianapolis,-4:00,F,AME,F4
OG Patrik,6733,@OG Patrik#2512,Europe/Berlin,2:00,F,EU,F16
oshiimine,7035,@oshiimine#8919,America/New_York,-4:00,F,AME,F5
p4ddy0d00rs,1370,@/° /~\ ♪♪ ¥#6090,America/New_York,-4:00,F,AME,F7
Paul Christiano,,@paulfchristiano#1746,America/Los_Angeles,-7:00,F,AMW,F10
pianovince,,@Shazbot#9342,Asia/Taipei,8:00,F,AS,F11
Plazek,,@Plazek#0108,Europe/Warsaw,2:00,F,EU,F14
pregnantbird,5493,@pregnantbird#6235,Europe/Berlin,2:00,F,EU,F13
RiverPatron,,@riverpatron#0183,America/New_York,-4:00,F,AME,F
robertox,6144,@robertox#9309,Europe/Madrid,2:00,F,EU,F13
Schlafi,6314,@schlafi#3777,Europe/Berlin,2:00,F,ATL,F12
ScoopyPls,6972,@scoopypls#5638,America/Chicago,-5:00,F,ATL,F12
Shiz,6994,@Oele#6924,Europe/London,1:00,F,EU,F16
spineflu,6808,@spineflu#1868,America/New_York,-4:00,F,AME,F4
stonedmason,5668,@stonedmason#0860,America/Los_Angeles,-7:00,F,ATL,F12
TeakPitkin,6561,@TeakPitkin#2612,America/Los_Angeles,-7:00,F,AMW,F9
terracubist,7023,@terracubist#3361,America/Los_Angeles,-7:00,F,AMW,F8
tgtaft,7005,@tgtaft#0560,America/Chicago,-5:00,F,AME,F1
TheBergster,,@TheBergster#3585,America/Denver,-6:00,F,AMW,F9
theschnitz,7128,@theschnitz#0960,America/Los_Angeles,-7:00,F,AMW,F9
thetruequ,,@thetruequ#8755,America/Los_Angeles,-7:00,F,AMW,F8
TrinaCat,5498,@TrinaCat#3719,America/Los_Angeles,-7:00,F,AMW,F8
trippy,,@trippy#4190,America/New_York,-4:00,F,AME,F7
troth20,3023,@troth20#3023,America/New_York,-4:00,F,AME,F7
UltimateGeek,5716,@UltimateGeek#3978,America/Chicago,-5:00,F,AME,F7
unagi.don,,@ammi#8895,America/Chicago,-5:00,F,AME,F3
universalflamez,6777,@Arnold Friend#3292,America/Chicago,-5:00,F,AME,F1
vmaria22,6374,@vmaria22#3007,America/New_York,-4:00,F,AME,F6
VoiceoftheWind,,@VoiceoftheWind#6833,Europe/Rome,2:00,F,EU,F13
wmorgan,,@wm#5577,America/Los_Angeles,-7:00,F,AMW,F9
22jonhunt,,@22jonhunt#2188,America/New_York,-4:00,G,AME,G11
Absurdicus,,@Absurdicus#1892,Europe/Berlin,2:00,G,EU,G31
AcidDominion,7349,@BK#7366,Europe/Berlin,2:00,G,EU,G30
acocle,,@acocle#6536,America/Chicago,-5:00,G,AME,G13
Aharow21,,@Aharow21#5589,America/New_York,-4:00,G,AME,G5
AHNorris21,,@AHNorris21#2832,America/Toronto,-4:00,G,AME,G7
AJay887,6166,@AJay887#1000,America/Chicago,-5:00,G,AME,G15
alexgor23,6381,@alexgor23#2719,America/Chicago,-5:00,G,AME,G11
Alice_in_Dystopia,,@Kontraexistenz#8766,Europe/Berlin,2:00,G,EU,G32
Alipata,,@Alipata#2349,Europe/Berlin,2:00,G,AS,G24
Annab492,,@Annab492#1114,America/New_York,-4:00,G,AME,G13
avsparry,7125,@avsparry#6944,Europe/London,1:00,G,EU,G26
bigbootyboi,,@karf#2537,America/Los_Angeles,-7:00,G,AMW,G19
BigFarm,7333,@hoof#3097,America/Toronto,-4:00,G,AME,G16
bigmoose,6609,@Big Moose#8075,America/New_York,-4:00,G,AME,G2
billchu13,,@Sir Osric (they/them)#5809,America/Los_Angeles,-7:00,G,AMW,G19
blakewain,,@blakewain#6721,America/New_York,-4:00,G,AME,G16
blublable,,@niklas1000#9957,Europe/Berlin,2:00,G,EU,G30
bonxie,5728,@Bonxie#0837,Europe/London,1:00,G,EU,G27
BostonQuad,,@BostonQuad#2700,America/Denver,-6:00,G,AMW,G20
BParty,,@Tony Danza#4430,America/Denver,-6:00,G,AMW,G23
BrainTwister,7259,@BrainTwister#3319,America/Los_Angeles,-7:00,G,AMW,G18
Branbles,,@Branbles#3092,Australia/Sydney,10:00,G,AS,G24
bubblovat,,@bubblovat#7971,America/New_York,-4:00,G,AME,G8
byrne,7168,@byrne#6578,America/New_York,-4:00,G,AME,G10
catdontbark,,@catdontbark#0266,America/Los_Angeles,-7:00,G,AMW,G18
Chamoose,7304,@Chamoose#9700,America/New_York,-4:00,G,AME,G10
CharlesVane,7390,@CharlesVane#5622,Europe/Berlin,2:00,G,EU,G25
charstar5,,@charstar5#3208,America/New_York,-4:00,G,AME,G6
chattateo,,@Chattateo#0267,America/New_York,-4:00,G,AME,G15
chesstick,7419,@chesstick#9732,Europe/Berlin,2:00,G,EU,G28
ChocoChip,,@Choco Chip#2287,America/Los_Angeles,-7:00,G,AMW,G21
chrismertens,5730,@chrismertens#8131,Europe/Berlin,2:00,G,EU,G32
Ciparo,,@Gert#7114,Europe/Paris,2:00,G,EU,G32
clemdog69,,@WeedWizard420#6479,America/Los_Angeles,-7:00,G,AMW,G20
cofa,,@Travelingeek#4570,Europe/Berlin,2:00,G,EU,G30
cruiskeen,5839,@cruiskeen#9308,Europe/Berlin,2:00,G,EU,G32
dajjans4,,@dajjans4#7013,America/Chicago,-5:00,G,AME,G2
Darkwrath,,@darkwrath#0067,America/Los_Angeles,-7:00,G,AMW,G22
DarthSensitive,,@DarthSensitive#6746,America/Chicago,-5:00,G,AME,G14
darthshikago,,@Shikago#2541,America/New_York,-4:00,G,AME,G
DaveDude,,@DaveDude68#2692,America/Regina,-6:00,G,AMW,G23
dendanskemand,,@dendanskemand#9792,America/New_York,-4:00,G,AME,G3
DerpKaiser,,@TheTimePolice#4559,America/Chicago,-5:00,G,AM,G1
DesertWhale,,@erokebok#5728,America/Indiana/Indianapolis,-4:00,G,AME,G16
dexterslab,7394,@dexterslab#9927,Asia/Kolkata,5:30,G,AS,G24
dfodavid,6840,@dfodavid#7751,America/New_York,-4:00,G,AME,G4
DK88,,@D_K_8_8#2617,America/Los_Angeles,-7:00,G,AMW,G21
dominicw,,@dominicw#7201,Europe/Berlin,2:00,G,EU,G29
Drkschneider,,@Drkschneider#8005,Europe/Helsinki,3:00,G,EU,G25
drog,,@drog#0044,America/Los_Angeles,-7:00,G,AMW,G18
Durotan97,,@Durotan97#6018,Europe/London,1:00,G,EU,G26
ECreed,,@Szilveszter#1495,Europe/Berlin,2:00,G,EU,G25
eereid,,@eereid#0961,America/New_York,-4:00,G,AME,G3
elazarus,,@Arsene#3257,America/Los_Angeles,-7:00,G,AMW,G
EmperorMattXIV,,@EmperorMattXIV#9286,Europe/London,1:00,G,EU,G26
Eppob,,@eppob#3114,Europe/Paris,2:00,G,EU,G31
Eraa,,@Era#9083,America/New_York,-4:00,G,AME,G7
erikmoyer,,@erikmoyer#0791,America/Los_Angeles,-7:00,G,AMW,G21
erndiggity,7184,@erndiggity#6481,America/Los_Angeles,-7:00,G,AMW,G20
farrmich,,@farrmich#8704,America/Chicago,-5:00,G,AME,G3
Flatirons,7008,@Flatirons#2782,America/Denver,-6:00,G,AMW,G18
frownland,,@jackie#2196,America/New_York,-4:00,G,AME,G3
Fullwagon,,@Reticul#3365,America/New_York,-4:00,G,AME,G5
garrettargenna,,@Garrett#7515,America/New_York,-4:00,G,AME,G17
geal77,5064,@gerardo#4231,America/Bogota,-5:00,G,AME,G8
go1964,,@go1964#5167,Europe/Rome,2:00,G,EU,G31
gpitsakis,,@onionrung#1928,America/New_York,-4:00,G,AME,G
gregsucks,3230,@gregsucks#2877,America/Chicago,-5:00,G,AME,G9
grimace,,@gus#8103,America/New_York,-4:00,G,AME,G12
gugucool,7163,@gugucool#1877,America/Toronto,-4:00,G,AME,G9
gustav17,,@gustav17#9191,America/Chicago,-5:00,G,AME,G11
habeasporpoise,7198,@habeasporpoise#0192,America/Los_Angeles,-7:00,G,AMW,G20
Hammer12,,@hammer12#6855,America/Los_Angeles,-7:00,G,AMW,G23
Hankiepankie,7159,@Guido#9235,Europe/Paris,2:00,G,EU,G30
Hannigan2020,,@Hannigan2020#6089,America/Denver,-6:00,G,AMW,G
hezeheze,7317,@zezhong#0160,America/New_York,-4:00,G,AME,G14
Hoffi1210,,@Hoffi1210#4098,Europe/Berlin,2:00,G,EU,G28
IamAnoob1,,@IamAnoob#3776,America/New_York,-4:00,G,AME,G17
icul,,@luci#7420,America/New_York,-4:00,G,AME,G8
ineffabilliken,,@amos#2140,America/Chicago,-5:00,G,AME,G6
jdizzle,6979,@jdizzle#7448,America/Los_Angeles,-7:00,G,AMW,G22
jdizzle111,,@jdizzle111#0169,America/New_York,-4:00,G,AME,G14
jerrod,,@HgFalling#0752,America/New_York,-4:00,G,AME,G9
jimbobrady,6636,@jimbobrady#1710,America/Denver,-6:00,G,AMW,G19
Jimbuck,6531,@Jimbuck#4737,America/Chicago,-5:00,G,AME,G6
jpople,,@jpople#6138,America/New_York,-4:00,G,AME,G
jQsh,,@jQsh#5781,America/New_York,-4:00,G,AME,G17
jtoeman,5036,@jtoeman#1130,America/New_York,-4:00,G,AME,G5
jtran4418,,@lox#7532,America/New_York,-4:00,G,AME,G9
jtrupiano,,@jtrupiano#1058,America/Los_Angeles,-7:00,G,AMW,G20
Julu,,@Julu#5730,Europe/Berlin,2:00,G,EU,G27
kamsc88,,@TNT88#4454,America/Los_Angeles,-7:00,G,AM,G1
KarratKake,,@KarratKake#8203,America/New_York,-4:00,G,AME,G15
khalnayak,6951,@khalnayak#0346,America/Los_Angeles,-7:00,G,AMW,G21
King Julian 90,,@King Julian 90#2193,Europe/Berlin,2:00,G,EU,G26
KingMeseus,,@meseus#0008,America/Toronto,-4:00,G,AME,G4
kitchen42,,@Kitchen#7899,America/Los_Angeles,-7:00,G,AMW,G22
kska133,,@kyevil#2163,America/Chicago,-5:00,G,AME,G2
landonstryker,,@landon#0740,America/Chicago,-5:00,G,AM,G1
lar1138,,@lrickhoff#4215,America/Los_Angeles,-7:00,G,AMW,G21
leapoffaith24,6774,@leapoffaith24#2273,America/New_York,-4:00,G,AME,G13
lewisisgood,7288,@lewisisgood#2522,America/Chicago,-5:00,G,AME,G7
littlestdube,5803,@littlestdube#1043,America/New_York,-4:00,G,AME,G9
Livo,7003,@Livo#6960,Europe/London,1:00,G,EU,G
louda,5590,@louda#3980,Europe/Berlin,2:00,G,EU,G30
madronefive,6697,@madronefive#2595,America/New_York,-4:00,G,AME,G7
maksbondarenko,,@sudski_pilled#4146,America/New_York,-4:00,G,AME,G
malgorza,,@malgorza#0501,Europe/Warsaw,2:00,G,EU,G28
MarioPawty,,@MarioPawty#2110,America/New_York,-4:00,G,AME,G4
Martin Redsport,,@Martin Redsport#8756,Europe/Berlin,2:00,G,EU,G32
mccannification,,@mccannification#7863,America/New_York,-4:00,G,AME,G15
mcicrs,,@mosharp#1586,America/Los_Angeles,-7:00,G,AMW,G18
mcpep4b05,6997,@mcpep4b05#6610,America/Chicago,-5:00,G,AME,G8
mdh804,,@mdh804#2082,Europe/London,1:00,G,EU,G26
Melkordom,,@Melkordom#3853,America/New_York,-4:00,G,AME,G11
mglagrla,,@mglagrla#8136,America/Chicago,-5:00,G,AME,G5
mikedolph,6576,@mikedolph#1899,Europe/Zurich,2:00,G,EU,G27
militiamatt,,@militiamatt#9128,America/Los_Angeles,-7:00,G,AMW,G19
mizbeth,,@mizzo#9553,America/New_York,-4:00,G,AME,G7
mondainai2,,@Mondainai#1822,Europe/Stockholm,2:00,G,EU,G31
mountcleverest,,@sunj#4142,Asia/Calcutta,5:30,G,AS,G24
mpjohns,,@mpjohns#9488,America/Chicago,-5:00,G,AME,G16
MtMagus,2673,@MtMagus#6910,America/Chicago,-5:00,G,AM,G1
nepstein,,@nepstein#4216,America/New_York,-4:00,G,AME,G13
noisenow42,5834,@noisenow42#3441,Europe/Berlin,2:00,G,EU,G29
Nono13,,@Nono13#1336,Europe/Berlin,2:00,G,EU,G29
NotAVan,,@NotAVan#3165,America/New_York,-4:00,G,AME,G12
odddity111,,@odddity111#6853,America/Chicago,-5:00,G,AME,G2
Oktazooka,,@uaral#9273,Europe/Athens,3:00,G,EU,G32
Ord1n,,@ord1n#2451,Europe/Berlin,2:00,G,EU,G26
Osti92,,@Osti92#2207,Europe/Berlin,2:00,G,EU,G29
Ostrander17,,@ostrander17#8197,America/Los_Angeles,-7:00,G,AMW,G21
PanSarin,,@sarin#8100,Europe/Warsaw,2:00,G,EU,G30
PenWithArm,,@PenWithArm#4935,America/Chicago,-5:00,G,AME,G12
phyphor,2335,@phyphor#0054,Europe/London,1:00,G,AS,G24
pwu55,,@pwu55#1850,Europe/Paris,2:00,G,EU,G27
queerly_awesome,,@queerly_awesome#7836,America/New_York,-4:00,G,AME,G10
ramyad,7299,@ramyadh#0164,America/New_York,-4:00,G,AME,G13
RaphaelR,,@RaphaelR#1498,Europe/Berlin,2:00,G,EU,G28
redvelvet,,@magirocker#0070,America/Los_Angeles,-7:00,G,AMW,G19
ReedBros,7097,@breedsimpsonville#4621,America/New_York,-4:00,G,AME,G14
Reiderrabbit,,@Reid#0839,America/New_York,-4:00,G,AME,G11
rioderbi,,@rioderbi#4808,America/Chicago,-5:00,G,AME,G13
rohanthewarrior,,@rohanthewarrior#0853,America/New_York,-4:00,G,AME,G17
rohanz7,,@rohanz7#9526,America/New_York,-4:00,G,AME,G17
Rostipyr,,@Rostipyr#1526,Europe/Warsaw,2:00,G,EU,G29
Rotkaeppchen,,@Rotkaeppchen#8467,Europe/Berlin,2:00,G,EU,G29
SantaCruzCool,,@SantaCruzCool#2662,America/Los_Angeles,-7:00,G,AMW,G23
Savaahn,6299,@Savaahn#1215,America/Chicago,-5:00,G,AME,G3
Schaka,7383,@Schaka#1551,Europe/Berlin,2:00,G,EU,G25
schorn,6582,@schorn#1691,America/Chicago,-5:00,G,AME,G6
Scobud27,,@Scobud27#6913,America/New_York,-4:00,G,AME,G3
scottc,5160,@scottc#0453,America/New_York,-4:00,G,AS,G24
SerPounce,,@SerPounce#2138,Europe/Berlin,2:00,G,EU,G31
Shacharizard,,@Human#8035,America/New_York,-4:00,G,AME,G4
ShakeyJake,,@studavis#6181,America/New_York,-4:00,G,AME,G10
shmuelic,,@KhefKurry#8413,America/New_York,-4:00,G,AME,G8
Smelly4_4,7397,@Smelly4_4#7339,America/New_York,-4:00,G,AME,G14
speedyjohn,,@speedyjohn#5744,America/Los_Angeles,-7:00,G,AMW,G22
SpikesWire,7431,@SpikesWire#6787,America/New_York,-4:00,G,AME,G2
sportingelijah,,@sportingelijah#1425,America/Los_Angeles,-7:00,G,AM,G1
stephen2,,@stephen#7770,America/Chicago,-5:00,G,AME,G
Supernova888,,@Supernova888#3676,America/New_York,-4:00,G,AME,G3
Swoosh,,@thenumber1nick#0501,America/Chicago,-5:00,G,AME,G10
Takaron,,@TDG#1123,America/New_York,-4:00,G,AME,G15
TalinkorB,7246,@TalinkorB#8996,America/New_York,-4:00,G,AME,G9
Tateishi,,@Tateishi#0309,America/New_York,-4:00,G,AME,G6
TECtheEnemy,,@TECtheEnemy#2483,America/New_York,-4:00,G,AME,
TedMosby12,,@BenR#8059,America/Chicago,-5:00,G,AME,G6
temidayo1234,,@temidayo1234#4625,America/New_York,-4:00,G,AME,G4
Terbium65,,@Terbium#3588,America/Los_Angeles,-7:00,G,AMW,G19
the jesters girl,6367,@Stella#7817,America/Los_Angeles,-7:00,G,AMW,G18
Thinpaddy,7224,@Thinpaddy#0685,Europe/London,1:00,G,EU,G28
ThomasK,6857,@ThomasK#0809,Europe/Warsaw,2:00,G,EU,G25
tiegerstochter,,@tiegerstochter#8129,Europe/Berlin,2:00,G,EU,G25
tmoneywatson,,@tmoneywatson#2691,America/New_York,-4:00,G,AME,G5
tnarg44,,@tnarg44#3836,America/Chicago,-5:00,G,AME,G17
tonyfig,7384,@tonyfig#5816,America/Los_Angeles,-7:00,G,AMW,G22
Toomzor,,@Toomzor#2485,Europe/Paris,2:00,G,EU,G27
trollolol,6259,@trollolol#1215,America/Los_Angeles,-7:00,G,AMW,G23
turbobaseball,,@SSounder#4840,America/Chicago,-5:00,G,AME,G16
typewriter23,,@typewriter23#8856,America/New_York,-4:00,G,AME,
UNBR34K4BL3,6482,@UNBR34K4BL3#0394,America/Denver,-6:00,G,AM,G1
vi3tv1nk,,@vi3tv1nk#3803,America/New_York,-4:00,G,AME,G8
vidawg77,,@vidawg77#9425,Europe/Berlin,2:00,G,EU,G28
Viersen,,@Viersen#2512,Europe/Berlin,2:00,G,EU,G27
watermeloen,,@watermeloen#4352,Europe/Paris,2:00,G,EU,G31
whatsupdawg,,@kenjihata#3346,America/Los_Angeles,-7:00,G,AMW,G23
WickedCurves,,@WickedCurves#2578,America/New_York,-4:00,G,AME,G16
wmckemey,,@wmckemey#0240,Europe/London,1:00,G,EU,G
wwwdotwww,,@wwwdotwww#2777,America/New_York,-4:00,G,AME,G12
Zert,,@jogafu#4369,America/Chicago,-5:00,G,AME,G11
zmonny,,@3axap#7753,America/New_York,-4:00,G,AME,G15
zomshow,7081,@zomshow#4747,America/Chicago,-5:00,G,AME,G10
zsaffir,,@ZS#8158,America/Chicago,-5:00,G,AME,G4
ZWade,,@zwade#7796,America/Chicago,-5:00,G,AME,G5
-Ali-,,@-Ali-#0705,Europe/London,1:00,H,EU,H54
aadim2006,,@kab#2859,America/Chicago,-5:00,H,AME,H5
AAsmiles,,@AAsmiles#0028,America/Denver,-6:00,H,AMW,H32
acourt01,,@acourt91#7576,America/Denver,-6:00,H,AMW,H36
ACuriousParadox,6952,@Paradox (Isaac)#7795,America/New_York,-4:00,H,AME,H1
adambyars,,@adambyars#4961,America/Chicago,-5:00,H,AME,H15
Altar Keane,,@Altar Keane#9213,Europe/Paris,2:00,H,EU,H57
amrutha,,@amrutha#4887,America/Los_Angeles,-7:00,H,AMW,H39
ancamirela,7258,@Anca#7630,America/Los_Angeles,-7:00,H,AMW,H44
androidfanman,7359,@androidfanman#9244,America/Denver,-6:00,H,AMW,H41
Annagret,,@annagret#7514,America/Chicago,-5:00,H,AME,H29
antcnnected,,@antcnnected#3256,America/Toronto,-4:00,H,AME,H15
AnUncivilEngineer,7437,@AnUncivilEngineer#7376,America/New_York,-4:00,H,AME,H3
areeder808,7075,@areeder808#3499,America/New_York,-4:00,H,AME,H4
arusmahen,7275,@arusmahen#4004,America/Toronto,-4:00,H,AME,H1
astrodog93,,@astron#7305,America/Chicago,-5:00,H,AME,H
AuD14,7374,@AuD14#8918,America/New_York,-4:00,H,AME,H5
AvinaashAnand,,@ZaceQuar#6680,Asia/Kolkata,5:30,H,AS,H47
b00b3rt,,@b00b3rt#9203,America/New_York,-4:00,H,AME,H10
badashbhalu,7391,@badashbhalu#1717,America/Los_Angeles,-7:00,H,AMW,H45
barksideofthemoon,7420,@barksideofthemoon#1516,America/New_York,-4:00,H,AME,H28
BartHarleyJarvis,,@BartHarleyJarvis#5950,America/New_York,-4:00,H,AME,H27
batmanthehorse,6565,@batmanthehorse#1602,America/New_York,-4:00,H,AME,H8
bcraig9713,7261,@bcraig9713#9659,America/New_York,-4:00,H,AME,H24
Beckycapp,,@Beckycapp#4053,America/New_York,-4:00,H,AME,H2
Beeronis,,@Beeronis#9745,America/Chicago,-5:00,H,AME,H12
bell22,5927,@belle#4441,America/New_York,-4:00,H,AME,H24
Berger77,,@Berger77#6896,Australia/Sydney,10:00,H,AS,H49
Beth,5966,@Beth#5599,Europe/Tallinn,3:00,H,EU,H54
Betira,,@Betira#7153,Europe/Berlin,2:00,H,EU,H58
bigwynner,,@twucker#1436,America/New_York,-4:00,H,AME,H
billbarnes1972,,@Madbill19#9995,America/New_York,-4:00,H,AME,H20
Birgit98,,@Birgit#7346,Europe/Stockholm,2:00,H,EU,H59
bjtait15,6542,@bjtait15#7942,America/New_York,-4:00,H,AME,H16
BloodPlum,,@BloodPlum#5049,America/New_York,-4:00,H,AME,H3
blossomdb,,@blossomdb#4853,America/Vancouver,-7:00,H,AMW,H37
Bob1,7002,@Sleaper56 YT#6310,America/Chicago,-5:00,H,AME,H13
Bomani88,,@Bomani#0744,America/Los_Angeles,-7:00,H,AMW,H40
BoneyDanza,,@boneydanza#5256,America/Los_Angeles,-7:00,H,AMW,H37
bongoboi5000,7355,@bongoboi5000#3258,America/Los_Angeles,-7:00,H,AMW,H33
Boydd,,@Boyd#6355,Australia/Sydney,10:00,H,AS,H48
bozu69,,@doofus ☼#6090,America/New_York,-4:00,H,AME,H
bradchoosefi,,@bradchoosefi#7346,America/New_York,-4:00,H,AME,H8
brev100,,@brev100#9443,America/New_York,-4:00,H,AME,H14
Bricks2020,,@Bricks2020#4966,America/New_York,-4:00,H,AME,H17
BSplitt,,@SpinalSplitter#5065,America/Chicago,-5:00,H,AME,H12
bubs4,,@bigdogfourtweanty#9483,America/Los_Angeles,-7:00,H,AMW,H41
Burly_Steve,7265,@Burly_Steve#8039,Europe/London,1:00,H,EU,H55
bz1,,@bz1#9237,America/New_York,-4:00,H,AME,H28
cabelhigh,,@cabelhigh#0386,America/Los_Angeles,-7:00,H,AMW,H43
Cait2244,,@Cait2244#9972,America/New_York,-4:00,H,AME,H20
CaptainHorizons,,@Cat & Joey#1022,Europe/London,1:00,H,EU,H62
CarmenSanDiego,,@carmena1414#6710,America/New_York,-4:00,H,AME,H2
CastleLivery,,@CastleLivery#9925,America/New_York,-4:00,H,AME,H22
catiemichelle,,@catiemichelle#0203,America/Chicago,-5:00,H,AME,H4
Cattallia,6670,@Cattallia#8869,Europe/Berlin,2:00,H,EU,H51
Cavedweller,,@PDubs#8675,Europe/Paris,2:00,H,EU,H59
cavemanrot,7382,@AxelP#1535,Europe/Berlin,2:00,H,EU,H64
ceciliadoan,,@ceciliadoan#6937,America/Los_Angeles,-7:00,H,AMW,H31
cestwho,7350,@cestmoi#7648,America/Toronto,-4:00,H,AME,H22
cevan917,,@Carter Gilbert#5482,America/New_York,-4:00,H,AME,H10
CF6,,@CF6#8367,Europe/Berlin,2:00,H,EU,H53
cfred,,@mrfudgy#7737,America/New_York,-4:00,H,AME,H25
chadnov,,@chadnov#2938,America/Los_Angeles,-7:00,H,AMW,H35
ChancellorBillups,7343,@camb_#1561,America/New_York,-4:00,H,AME,H21
charlieh92,,@charlieh92#3950,Europe/London,1:00,H,EU,H60
CharMama,,@CharMama#4760,America/Chicago,-5:00,H,AME,H24
ChiefConstable,,@ChiefConstable#1064,America/Chicago,-5:00,H,AME,H12
ChiefMinister,,@ChiefMinister#0109,America/Chicago,-5:00,H,AME,H26
Chopalot3,7341,@chopalot3#9550,America/Chicago,-5:00,H,AME,H29
cj_punzalan,,@cj_punzalan#9490,America/Los_Angeles,-7:00,H,AMW,H34
clischer,,@Caitlin#2608,America/Indiana/Indianapolis,-4:00,H,AME,H5
cmhagen83,,@c-hagz#0553,America/Chicago,-5:00,H,AME,H18
ColdBloodPrince,,@bradC26#5936,America/New_York,-4:00,H,AME,H21
colin_loves_hunter,7413,@lil_iterate#6127,America/Los_Angeles,-7:00,H,AMW,H46
Condu,,@Condu#9419,Europe/Berlin,2:00,H,EU,H60
cougars28,,@cougars28#1406,America/New_York,-4:00,H,AME,H
Cr1mson3lbow,7289,@cr1mson3lbow#3328,America/Chicago,-5:00,H,AME,H7
crazyjok3r,6653,@Ramirex Jolt#4973,America/Los_Angeles,-7:00,H,AMW,H33
CrazyMoose,,@CrazyMoose#5171,America/Chicago,-5:00,H,AME,H26
Cyber28,7017,@Cyber28#2864,Europe/Budapest,2:00,H,EU,H53
DangerKing,,@Danger#7992,America/Chicago,-5:00,H,AME,H6
Daniel Bo,,@Justin der Abenteurer#5018,Europe/Berlin,2:00,H,EU,H63
davidbebawy,,@David Bebawy#4486,America/New_York,-4:00,H,AME,H
Dawg111,,@Dawg111#0475,Europe/London,1:00,H,EU,H62
Dawgi,,@Dawgi#5317,America/Los_Angeles,-7:00,H,AMW,H46
Dbloslim,,@dbloslim#9461,America/New_York,-4:00,H,AME,H18
DefMike,,@DefMike#2315,America/New_York,-4:00,H,AS,H49
Denise,,@denise#5319,Europe/London,1:00,H,EU,H56
doctoramk,,@doctoramk#1477,America/Chicago,-5:00,H,AME,H26
doldendude,,@doldendude#8520,Europe/Berlin,2:00,H,EU,H57
dollarbill,,@DollarBIll#6082,America/New_York,-4:00,H,AME,H15
dollopofmoney,,@deaconpe#2650,America/New_York,-4:00,H,AME,H27
dominationnation,,@dominationnation#8540,Australia/Sydney,10:00,H,AS,H49
DominionDave,,@DominionDave#0124,America/Toronto,-4:00,H,AME,H14
Domocobra,,@Dom#6067,Europe/London,1:00,H,EU,H58
domplopper,7319,@domplopper#0151,America/New_York,-4:00,H,AME,H22
Donkey-Dude,,@Donkey-Dude#6751,Europe/Berlin,2:00,H,EU,H61
doughminyan,,@arturotercero#8725,America/Chicago,-5:00,H,AME,H10
Dr_Phibes,,@Dr_Phibes#1155,Europe/London,1:00,H,EU,H61
driftskate,,@barry#5819,America/Anchorage,-8:00,H,AMW,H44
DrMantisToboggan16,,@DrMantisToboggan16#6658,America/New_York,-4:00,H,AME,H13
Druidas,7203,@Druidas#2012,Europe/Berlin,2:00,H,EU,H60
Duhetyrone2,,@Duhetyrone2#8390,America/Chicago,-5:00,H,AME,H
Durgle,6194,@Durgle#7780,America/Denver,-6:00,H,AMW,H36
Eaterpoosack,,@colu#1556,America/Indiana/Indianapolis,-4:00,H,AME,H10
eddwhite1,,@eddwhite1#0012,Europe/London,1:00,H,EU,H63
edred,,@edred#5201,America/Los_Angeles,-7:00,H,AMW,H43
eeps,7347,@potatophra#1245,America/Los_Angeles,-7:00,H,AMW,H42
Elviernestocajugar,,@Elviernestocajugar#9240,Europe/Madrid,2:00,H,EU,H51
EmmiPlays2000,,@Emmi#1480,Europe/Berlin,2:00,H,EU,H51
epiccswagg,,@epiccswagg#3179,America/Los_Angeles,-7:00,H,AMW,H38
Esteban03,7346,@Esteban03#9029,America/New_York,-4:00,H,AME,H23
FavLab,,@FavLab#3169,America/Los_Angeles,-7:00,H,AMW,H44
fika monster,,@Fika monster#5417,Europe/Stockholm,2:00,H,EU,H55
Filodendron,,@Pfiffltrigg#7469,America/New_York,-4:00,H,AME,H7
Final_Thoughts,7415,@Final_Thoughts#7968,America/New_York,-4:00,H,AME,H11
findcongwang,,@findcongwang#7978,America/Toronto,-4:00,H,AME,H11
Frack9,,@Frack#8865,America/Los_Angeles,-7:00,H,AMW,H32
Friartuck,,@Friartuck#2351,America/Los_Angeles,-7:00,H,AMW,H33
FRIETHEAD,,@FRIETHEAD#6409,Europe/Paris,2:00,H,EU,H53
froco93,,@froco#2099,America/Los_Angeles,-7:00,H,AMW,H42
frogdogs,7344,@frogdogs#7436,America/Chicago,-5:00,H,AME,H21
FWood,,@FWood#5467,Europe/London,1:00,H,EU,H58
fzzzzzzzt,,@fzzzzzzzt#4419,America/Los_Angeles,-7:00,H,AMW,H39
GayAndSebastian,,@seblat#4905,Europe/Berlin,2:00,H,EU,H56
gfroese,7047,@gfroese#7524,America/New_York,-4:00,H,AME,H23
Girlwndr,,@Girlwndr#7676,America/Denver,-6:00,H,AMW,H33
gomez70,6558,@gomez70#4925,America/New_York,-4:00,H,AME,H11
Goody2shoes15,,@Goody2shoes15#6889,Europe/Dublin,1:00,H,EU,H63
goose7,,@goose7#2757,America/Chicago,-5:00,H,AME,H9
GRB11,7363,@Gavin#8367,America/Toronto,-4:00,H,AME,H6
grebst,5686,@grebst#0442,Europe/Berlin,2:00,H,EU,H59
Greta_X,,@Greta_X#7354,America/Los_Angeles,-7:00,H,AMW,H30
GronkBrady,,@GronkBrady#0214,America/Los_Angeles,-7:00,H,AMW,H32
gsusie1,7060,@gsusie1#2481,America/Chicago,-5:00,H,AME,H22
Gubump,3599,@Gubump#0154,America/Denver,-6:00,H,AMW,H33
GuyOnABuffalo,,@GuyOnABuffalo#9150,America/New_York,-4:00,H,AME,H21
hal_incandenza96,,@hal_incandenza96#2149,America/Los_Angeles,-7:00,H,AMW,H40
HannaP,,@aeitschy#5903,Europe/Berlin,2:00,H,EU,H53
HNYDW,,@Bandes#9136,America/Chicago,-5:00,H,AME,H1
hobitermes,,@hobitermes#1149,Europe/Berlin,2:00,H,EU,H52
HoboJon9000,,@HoboJon9000#7178,America/Denver,-6:00,H,AMW,H45
Hoffnung,,@Hoffnung#2075,Europe/Berlin,2:00,H,EU,H64
hollyharlow,7230,@hharlow#1023,America/New_York,-4:00,H,AME,H11
hughythegreat,7145,@hughythegreat#9122,America/Los_Angeles,-7:00,H,AMW,H41
huzzah4sara,,@huzzah4sara#7308,America/New_York,-4:00,H,AME,H28
Hyogaah,,@Hyogaah#9388,Europe/Paris,2:00,H,EU,H60
iainyoung,,@Iain#1035,Asia/Seoul,9:00,H,AS,H47
iMonster,7293,@ChaosMoonGem#2190,America/Chicago,-5:00,H,AME,H26
InspiringLeader,6414,@inspiringleader#6869,Europe/London,1:00,H,EU,H57
instaham,,@instaham#7751,America/New_York,-4:00,H,AME,H13
instock_item,,@instock_item#5765,America/Los_Angeles,-7:00,H,AMW,H45
Intelcheff,7416,@Intelcheff#0415,America/New_York,-4:00,H,AME,H9
iparres,6441,@iparres#3073,Europe/Berlin,2:00,H,EU,H
Ireth,7321,@Ireth#6317,Europe/Athens,3:00,H,EU,H57
IrgendwasmitMond,,@Alchemist#1903,Europe/Berlin,2:00,H,EU,H
Iricilaure,7285,@Iricilaure#3165,America/Chicago,-5:00,H,AME,H4
isiahw1,6960,@Eye-zay-uhhhhhh#0565,America/New_York,-4:00,H,AME,H26
IslandRae,,@Rae#8242,America/New_York,-4:00,H,AME,H
Itsyee,7236,@Itsyee#3374,America/New_York,-4:00,H,AME,H24
J22Jabs,,@JillJabs#6405,America/Denver,-6:00,H,AMW,H43
j3ss3,,@j3ss3#8216,America/Los_Angeles,-7:00,H,AMW,H37
Jackass,,@Jackass#2472,Europe/London,1:00,H,EU,H60
Jackjoab,,@Jackjoab#7358,Europe/Berlin,2:00,H,EU,H50
jacobpb,,@jacobpb#7113,America/Los_Angeles,-7:00,H,AMW,H35
janlasse,,@arbok#8806,Europe/Berlin,2:00,H,EU,H53
JanWafel,7336,@JanWafel#1130,Europe/Paris,2:00,H,EU,H61
jaywood98,7351,@jaywood98#5293,Europe/Berlin,2:00,H,EU,H59
jaz92,,@jaz92#1152,Europe/Berlin,2:00,H,EU,H56
jdawg475,,@jdawg475#9840,America/New_York,-4:00,H,AME,H23
Jenelos,,@gener21#0824,America/New_York,-4:00,H,AME,H7
jennjin01,,@jennjin01#7304,America/Chicago,-5:00,H,AME,H
Jenny Festival,,@jelebu#5170,America/Chicago,-5:00,H,AME,H20
JeroenR,7232,@JeroenR#3759,Europe/Paris,2:00,H,EU,H58
Jev989,,@Jevjev#2450,Australia/Sydney,10:00,H,AS,H49
jewelsphraner,,@jewelsy#6537,America/New_York,-4:00,H,AME,H12
jg457,7305,@jaygee457#7418,America/New_York,-4:00,H,AME,H28
jillybillygirl,7376,@jillybillygirl#7162,America/New_York,-4:00,H,AME,H23
joemar194,,@joemar194#8348,America/Denver,-6:00,H,AMW,H40
Johnny Midnight,7418,@Johnny Midnight#1326,America/Los_Angeles,-7:00,H,AMW,H44
Jolinar of Malkshur,,@Jolinar_Of_Malkshur#8592,America/Chicago,-5:00,H,AME,H21
joshml82,7335,@Justjoshin#7228,America/New_York,-4:00,H,AME,H23
jrh150482,5100,@jrh150482#8026,America/New_York,-4:00,H,AMW,H31
K1RON,,@Kiron#4546,America/Denver,-6:00,H,AMW,H39
kahaanboom,,@kahaanboom#9430,America/Chicago,-5:00,H,AME,H2
Kangawu,7410,@kangawu#7575,America/Chicago,-5:00,H,AME,H15
karinnl,7292,@karinnl#3126,Europe/Berlin,2:00,H,EU,H61
Katrin90,,@Katrin90#7151,Europe/Berlin,2:00,H,EU,H50
ketriel,,@ketriel#5708,America/New_York,-4:00,H,AME,H
kevinmpeterson,,@kp#1173,America/Los_Angeles,-7:00,H,AMW,H35
kingskid2002,5760,@kingskid2002#9945,Europe/Moscow,3:00,H,EU,H57
Kpecina,,@Kpecina#8321,America/New_York,-4:00,H,AME,H19
kpk,,@kpk#1790,Asia/Kolkata,5:30,H,AS,H49
kretchde,,@deb k#2933,America/Los_Angeles,-7:00,H,AMW,H34
Kroupmastaflex ,,@kroupmastaflex#0044,America/New_York,-4:00,H,AME,H7
ksoccerstar,,@ksoccerstar#1960,America/Los_Angeles,-7:00,H,AMW,H32
Kuo Chong Chin,,@Kuo ChongChin#8494,Asia/Taipei,8:00,H,AS,H48
LaBaguette,,@LaBaguette#3660,Europe/Berlin,2:00,H,EU,H50
Lancero95,,@Lancero95#5362,America/New_York,-4:00,H,AME,H5
Lasombra,,@Teo_Lasombra#2159,Europe/Moscow,3:00,H,EU,H
lauram283,,@lauram283#6841,America/New_York,-4:00,H,AME,H9
lionfever22,,@lionfever22#3233,America/New_York,-4:00,H,AME,H63
lionfever23,,@lionfever23#3233,America/New_York,-4:00,H,AME,H
loewenheim_swolem,,@danielfilan#6983,America/Los_Angeles,-7:00,H,AMW,H38
lorderu,,@lorderu#7313,America/Los_Angeles,-7:00,H,AMW,H40
Lorettamm,,@Lorettamm#9484,America/New_York,-4:00,H,AME,H6
lucho,7364,@lucianoamor#6424,America/Argentina/Buenos_Aires,-3:00,H,AME,H19
Luckyfawn,,@Luckyfawn#2630,America/Los_Angeles,-7:00,H,AMW,H42
Lukas567,,@Lukas567#9659,Europe/Berlin,2:00,H,EU,H51
M.O.A.T.,,@M.O.A.T.#4479,America/Denver,-6:00,H,AMW,H36
mabuza,,@Mabuza#3551,America/Los_Angeles,-7:00,H,AMW,H43
MadamMadcap81,,@Madammadcap81#9685,America/Chicago,-5:00,H,AME,H20
MadeinChina,,@MadeInChina#3134,America/New_York,-4:00,H,AME,H8
madjs,,@Madmax#9739,America/Sao_Paulo,-3:00,H,AME,H3
makshay,,@apo'strophe#1598,America/Los_Angeles,-7:00,H,AMW,H31
Maleficent6,3122,@Maleficent#3159,America/Los_Angeles,-7:00,H,AMW,H43
MamaR,,@MamaR#1316,Europe/London,1:00,H,EU,H62
Manfredmouthbot,,@Manfredmouthbot#2285,Atlantic/Cape_Verde,-1:00,H,AME,H3
Manson,,@Manson#6504,America/New_York,-4:00,H,AME,H19
MaoMaster51,7137,@MaoMaster51#9295,America/Chicago,-5:00,H,AME,H23
marcivan,,@marcivan#8867,America/New_York,-4:00,H,AME,H3
Marliz3e,7070,@Marliz3e#7381,Africa/Johannesburg,2:00,H,EU,H58
marva613,,@Avram#8640,America/Denver,-6:00,H,AMW,H37
masedoggy,7153,@masedoggy#3006,America/Los_Angeles,-7:00,H,AMW,H39
Matlock72,,@BobaFett#7492,America/Los_Angeles,-7:00,H,AMW,H44
mattmm,6959,@mattmm#9219,America/New_York,-4:00,H,AME,H4
mbp,5377,@mbp#7389,America/Anchorage,-8:00,H,AMW,H31
mc3037,,@mc3037#7088,America/Los_Angeles,-7:00,H,AMW,H30
McDuggan33,,@McDuggan33#6995,Europe/London,1:00,H,EU,H60
McWaffle,,@McWaffle#1172,America/New_York,-4:00,H,AME,H15
mdeac,,@deac424#5959,America/New_York,-4:00,H,AME,H29
Megzuccato,,@megzuc#3510,America/New_York,-4:00,H,AME,H6
merrburr,7348,@merrrburrr#9022,America/Los_Angeles,-7:00,H,AMW,H42
miguelb,7379,@miguelb#1627,America/Los_Angeles,-7:00,H,AMW,H46
mike11481,7434,@mfr81#7869,America/Los_Angeles,-7:00,H,AMW,H33
mikemcgeezy,,@mikemcgill#3358,America/Chicago,-5:00,H,AME,H18
Milodo,,@Cameron#7736,America/New_York,-4:00,H,AME,H13
misakimi,,@misakimi82#3088,Europe/London,1:00,H,EU,H59
miso70,,@miso70#2072,Europe/Berlin,2:00,H,EU,H61
missvictoriang,,@missvictoriang#0148,Europe/London,1:00,H,EU,H56
mnessmonster,7327,@mnessmonster#4099,America/New_York,-4:00,H,AME,H14
mochan,,@Mochan#8103,America/Los_Angeles,-7:00,H,AMW,H41
Mollo8,,@Mollo8#8988,America/Chicago,-5:00,H,AME,H2
Mollyb386,,@Mollyb386#3784,America/New_York,-4:00,H,AME,H19
molowillwin,,@molowillwin#5260,America/Los_Angeles,-7:00,H,AMW,H40
Moncoponco,,@Moncoponco#5310,America/Los_Angeles,-7:00,H,AMW,H30
Mortesar,,@Mortesar#1270,Europe/Stockholm,2:00,H,EU,H63
mtjoos,,@mtjoos#9717,America/Los_Angeles,-7:00,H,AMW,H46
MudBeast,,@MudBeast#7071,America/Toronto,-4:00,H,AME,H16
MuensterCheese,5535,@SkyHawk#1058,America/New_York,-4:00,H,AME,H15
mugglemutts,,@mugglemutts#7239,America/New_York,-4:00,H,AME,H25
Mythrix,,@Mythrix#6881,Europe/London,1:00,H,EU,H54
natep1098,,@natep8910#5084,America/New_York,-4:00,H,AME,H19
Nekome512,,@Nekome#6602,America/Los_Angeles,-7:00,H,AMW,H30
neti3d,,@neti3d#0233,America/Argentina/Buenos_Aires,-3:00,H,AME,H1
nikhil532,,@nikhil532#5518,Asia/Kolkata,5:30,H,AS,H48
Nikkicola11,5790,@nikkicola11#6649,America/New_York,-4:00,H,EU,H62
ninjacreeper47,,@ninjacreeper47#2096,America/New_York,-4:00,H,AME,H14
niramsor,,@niramsor#8795,Europe/Berlin,2:00,H,EU,H64
nomi,7149,@nomi#9562,America/New_York,-4:00,H,EU,H52
Nomis Retep,,@Nomis Retep#8532,Europe/London,1:00,H,EU,H54
nrivero,,@nrivero#0952,America/New_York,-4:00,H,AME,H27
NutsofWrath,,@Dimensional Traveler#4214,America/New_York,-4:00,H,AME,H29
nvrwhere42,7253,@nvrwhere42#3682,America/New_York,-4:00,H,AME,H18
OddWaller,,@OddWaller#4825,America/Los_Angeles,-7:00,H,AMW,H39
Ohnora,,@ohnora#5324,America/Los_Angeles,-7:00,H,AMW,H46
oldmandennis,7282,@oldmandennis#2432,America/Los_Angeles,-7:00,H,AMW,H30
ossan,,@ossan#3091,Asia/Tokyo,9:00,H,AS,H48
Otrucol717,,@otrucol717#9427,America/Los_Angeles,-7:00,H,AMW,H34
pacman1837,,@Ooree#2256,America/Chicago,-5:00,H,AME,H1
pandaface.,,@pandaface#0166,Europe/London,1:00,H,EU,H51
PankPeter,7302,@pankpeter#1138,America/Los_Angeles,-7:00,H,AMW,H31
PeasantKing,,@PeasantKing#9695,Pacific/Auckland,12:00,H,AS,H48
peeky_blinders54,,@peeky_blinders54#8638,America/Los_Angeles,-7:00,H,AMW,H45
peppapig,,@peppapig#0338,America/New_York,-4:00,H,AME,H11
petraarkanian18,,@petraarkanian18#5313,America/New_York,-4:00,H,AME,H8
phillipvn1,,@phillipvn#7888,America/New_York,-4:00,H,AME,H12
PierPants,,@CivilBae#9373,America/Los_Angeles,-7:00,H,AMW,H
Pinkman,,@Pinkman#5407,America/New_York,-4:00,H,AME,H7
pixelsnbits,,@pixelsnbits#7963,America/Chicago,-5:00,H,AME,H27
PlantLady88,,@PlantLady88#0218,America/New_York,-4:00,H,AME,H9
Poetje,7405,@Poetje#0956,Europe/Paris,2:00,H,EU,H54
potscutney,,@Potscutney#0949,America/Chicago,-5:00,H,AME,H19
Prismatic70,,@Prismatic#9337,America/New_York,-4:00,H,AME,H12
Provinceable,6674,@Provinceable#5964,America/New_York,-4:00,H,AME,H
proxynick,7439,@proxynick#6300,Europe/London,1:00,H,EU,H52
purple_bag,,@daMatz#0339,Europe/Berlin,2:00,H,EU,H62
Pyruet,,@Pyret#2102,Europe/Stockholm,2:00,H,EU,H53
QuarantineWitch,,@QuarantineWitch#1345,America/Los_Angeles,-7:00,H,AMW,H40
QueenKhaleesi,,@QueenKhaleesi#6790,America/Los_Angeles,-7:00,H,AMW,H36
raghu,,@raghu#5821,America/Chicago,-5:00,H,AME,H8
RainbowChalice,6734,@RainbowChalice#8505,America/New_York,-4:00,H,AME,H9
RannulphJunuh,,@RannulphJunuh#4744,America/New_York,-4:00,H,AME,H
Ray-am83,6477,@Ray#4143,Europe/Berlin,2:00,H,EU,H64
redburger,,@redburger#6111,America/Los_Angeles,-7:00,H,AMW,H42
rinacolada,,@rinacolada#4440,America/Chicago,-5:00,H,AME,H17
RipChancellor2016,,@RipChancellor2016#9243,America/Los_Angeles,-7:00,H,AMW,H44
rla841,7309,@Randi#2305,America/Chicago,-5:00,H,AME,H17
Robert_OF,,@Robert2577#3273,Europe/Berlin,2:00,H,EU,H64
robert7,6866,@robert7#6966,America/Los_Angeles,-7:00,H,AMW,H37
rockitman,6964,@rockitman#1186,America/Chicago,-5:00,H,AME,H3
Ronbon,,@Ronbon#7504,Australia/Melbourne,10:00,H,AS,H47
rosewater,,@Boop Boop#7804,America/Los_Angeles,-7:00,H,AMW,H43
Rotte,,@HugoHurtich#2016,Europe/Paris,2:00,H,EU,H58
Rozyroz,7118,@Rozyroz#7547,America/New_York,-4:00,H,AME,H20
Saidso85,7329,@Saidso85#1958,America/Los_Angeles,-7:00,H,AMW,H36
Samothy,,@TeacherSam#1308,Asia/Bangkok,7:00,H,AS,H47
SamSmith2505,,@SamSmith2505#9673,America/Denver,-6:00,H,AMW,H38
SauceyGuy,,@Saucey#3041,America/Los_Angeles,-7:00,H,AMW,H42
scarbu,7338,@Scarlan#0188,America/Vancouver,-7:00,H,AMW,H34
schipje,7409,@schipje#2104,Europe/Berlin,2:00,H,EU,H50
Schorschi92,,@Schorschi92#9136,Europe/Berlin,2:00,H,EU,H
Scwhite3,,@Scwhite3#7179,America/Los_Angeles,-7:00,H,AMW,H38
seakaygeez,,@seakaygeez#1700,Europe/Berlin,2:00,H,EU,H52
SebasRegalado,,@Sebastian Regalado#7131,America/Toronto,-4:00,H,AME,H16
Seereelen,,@seereelen#6126,America/Los_Angeles,-7:00,H,AMW,H35
sentedavid,,@sentedavid#2147,Pacific/Honolulu,-10:00,H,AMW,H17
sequoiac,7277,@sequoiac#9085,America/Los_Angeles,-7:00,H,AMW,H32
severly,1885,@Everly#4972,America/New_York,-4:00,H,AME,H17
sgbern,,@sgbern#1151,America/New_York,-4:00,H,AME,H25
sgraaf,,@SynonymOfHeat#7721,Europe/Berlin,2:00,H,EU,H62
shmooly375,,@shmooly375#8781,America/New_York,-4:00,H,AME,H28
SiggyDootch,,@SiggyDootch#7380,America/Los_Angeles,-7:00,H,AMW,H37
slimharpo,,@Wilmes#3469,America/Chicago,-5:00,H,AME,H24
SloJo,,@sloanj928#7968,America/Chicago,-5:00,H,AME,H11
Smogilski,,@Smogilski#4687,America/New_York,-4:00,H,AME,H21
snharrison66,,@hammerson#2552,Europe/Paris,2:00,H,EU,H56
Snipetious,,@Snipetious#0849,Europe/London,1:00,H,EU,H
Snowdrop,6060,@Snowdrop#6678,America/New_York,-4:00,H,AME,H5
Snyderman67,,@snyderman67#1075,America/Chicago,-5:00,H,AME,H29
socally,,@socally#8779,America/Chicago,-5:00,H,AME,H7
sovereignator,7264,@Sovereignator#7798,America/Los_Angeles,-7:00,H,AMW,H46
spaceman2020,,@spaceman2020#2470,Asia/Bangkok,7:00,H,AS,H14
splashfalkon,,@splashfalkon#4077,America/New_York,-4:00,H,AME,H10
Squonk2,,@Squonk2#9163,America/New_York,-4:00,H,AME,H6
srimeruva,7316,@srimeruva#7024,America/Los_Angeles,-7:00,H,AMW,H35
StavroX,,@StavroX#4759,Europe/Berlin,2:00,H,EU,H61
StingrayCommander1,,@StingrayCommander1#0207,Europe/London,1:00,H,EU,H56
StorminScot,7249,@StorminScot#4704,America/Denver,-6:00,H,AMW,H41
supdawg,,@supercooldude#2883,America/Los_Angeles,-7:00,H,AMW,H38
SuperGraceless,7087,@SuperGraceless#1035,America/Chicago,-5:00,H,EU,H50
supernick,5866,@supernick#5042,America/New_York,-4:00,H,AME,H2
Superor,,@Superor#1438,America/Toronto,-4:00,H,AME,H8
Swantje,,@Swantje#6613,Europe/Berlin,2:00,H,EU,H55
tastehumanity,7423,@tastehumanity (he/they)#3731,America/Chicago,-5:00,H,AME,H4
tattema,,@tattema#1561,America/Los_Angeles,-7:00,H,AMW,H35
tdpf103,,@Tom's Tavern#1358,Europe/London,1:00,H,EU,H55
tgtruth23,,@tgtruth23#9463,America/Los_Angeles,-7:00,H,AMW,H45
The Educator,7260,@The Educator#0018,America/New_York,-4:00,H,AME,H26
The Neuroscientist,,@The Neuroscientist#5202,America/New_York,-4:00,H,AME,H28
Theadtraylor,,@Theadtraylor#8095,America/Los_Angeles,-7:00,H,AMW,H45
TheDILFslayer,,@TheDILFslayer#7697,America/Los_Angeles,-7:00,H,AMW,H
thedinnerman,,@thedinnerman#6873,America/New_York,-4:00,H,AME,H1
TheMooche,,@TheMooche#4624,Europe/London,1:00,H,EU,H50
theshampooguy,7133,@theshampooguy#7324,America/Los_Angeles,-7:00,H,AMW,H30
thetexan,7210,@thetexan#9135,America/Chicago,-5:00,H,AME,H25
thetreuqu,,@thetreuqu#8755,America/Los_Angeles,-7:00,H,AMW,H
ThisIsJustin,,@ThisIsJustin#1906,America/Denver,-6:00,H,AMW,H36
thommyp,,@thommyp#8836,Europe/Stockholm,2:00,H,EU,H63
tommygecko,,@tommygecko#2962,Asia/Taipei,8:00,H,AS,H48
torenx,,@toren#5774,America/New_York,-4:00,H,AME,H22
travelhacker,,@travelhacker#3981,America/Toronto,-4:00,H,AME,H13
Tungsten_Dioxide,,@Tungsten#2013,Europe/Paris,2:00,H,EU,H
Turbalence,,@theDisturba#8886,America/New_York,-4:00,H,AME,H16
tuscanb,,@tuscanb#0123,America/Indiana/Indianapolis,-4:00,H,AME,H16
umamidaddy,,@besavage10#4861,America/Chicago,-5:00,H,AME,H13
Umamilicious,,@Umamilicious#2044,America/Los_Angeles,-7:00,H,AMW,H38
Uncle Vernon,,@unclevernon#0586,America/New_York,-4:00,H,AME,H6
UncleBoonmee,,@UncleBoonmee#0723,America/Los_Angeles,-7:00,H,AMW,H32
Usernamegottaken,6587,@chubbster#2538,Europe/London,1:00,H,EU,H64
usnoberger,,@usnoberger#3424,America/New_York,-4:00,H,AME,H4
vaavdor,7403,@vaavdor#5079,Europe/Paris,2:00,H,EU,H55
Valspar888,,@Valspar888#8300,America/New_York,-4:00,H,AME,H24
Victor Lum,,@VLum#3546,America/New_York,-4:00,H,AME,H27
vietca,,@playdo#2014,America/Los_Angeles,-7:00,H,AMW,H34
violaninja,,@violaninja#1068,America/New_York,-4:00,H,AME,H25
wa1mer,7406,@wa1mer#8219,America/Chicago,-5:00,H,AME,H29
walesfourever,7181,@walesfourever#4325,America/Chicago,-5:00,H,AME,H22
Warryx,,@Warryx#9050,Europe/Berlin,2:00,H,EU,H54
WereDrakon,,@WereDrakon#1940,America/Chicago,-5:00,H,AME,H16
WesSpice,,@WesSpice#4420,America/Chicago,-5:00,H,AME,H14
wfuller92,,@wade#0394,America/Los_Angeles,-7:00,H,AMW,H31
Whapperson,,@whapperson#6310,America/Indiana/Indianapolis,-4:00,H,AME,H18
whiteyoshi,7427,@bryhenning#2490,America/Chicago,-5:00,H,AME,H9
Whomanist,,@LordNecron#7174,Europe/Warsaw,2:00,H,EU,H55
Wilkotek,7294,@Wilkotek#4158,Europe/London,1:00,H,EU,H57
Witz,5881,@witz#2234,America/New_York,-4:00,H,AME,H5
woundedsatelite,,@maxsternburg#3014,America/New_York,-4:00,H,AME,H27
yetimangoku,,@stumpy#5257,America/Denver,-6:00,H,AMW,H39
YodWisdom,7069,@YodWisdom#8797,America/New_York,-4:00,H,AS,H49
Yoyomann,,@Yoyomann#1192,America/New_York,-4:00,H,AME,H10
Zeej96,,@Zeej96#1714,Europe/London,1:00,H,EU,H51
Zingaro,,@Zingaro#6571,Asia/Seoul,9:00,H,AS,H47
Zodians,,@Zodians#8790,Asia/Hong_Kong,8:00,H,AS,H47
Zoe123,,@Zoe#3132,America/Chicago,-5:00,H,AME,H17
zonnestraal,,@zonnestraal#0262,Europe/Amsterdam,2:00,H,EU,H52
zsaffir,,@ZS#8158,America/Chicago,-5:00,H,AME,G4
ZWade,,@zwade#7796,America/Chicago,-5:00,H,AME,G5
zwiebacke,6121,@zwiebacke#5326,Europe/Berlin,2:00,H,EU,H52